X;Y;fid;cng_(Meters);LABEL;MAP_LABEL
598985.080221981;6754445.06812979;0;0;G02_UT001;G02_UT001
;;;;;
;;;;;
;;;;;
;;;;;
;;;;;
;;;;;
;;;;;
;;;;;
599180.017037362;6754631.88257786;0;270;G02_UT010;G02_UT010
;;;;;
;;;;;
;;;;;
;;;;;
;;;;;
;;;;;
;;;;;
;;;;;
;;;;;
599396.613498897;6754839.45418683;0;570;G02_UT020;G02_UT020
;;;;;
;;;;;
;;;;;
;;;;;
;;;;;
;;;;;
598114.568710688;6755983.44748909;1;0;G02_LT001;G02_LT001
;;;;;
;;;;;
;;;;;
;;;;;
;;;;;
;;;;;
;;;;;
;;;;;
598367.206978014;6756078.7045407;1;270;G02_LT010;G02_LT010
;;;;;
;;;;;
;;;;;
602377.220979921;6765205.16123658;2;0;G13_LT001;G13_LT001
;;;;;
;;;;;
;;;;;
;;;;;
;;;;;
;;;;;
;;;;;
;;;;;
602594.136206387;6765365.93369855;2;270;G13_LT010;G13_LT010
;;;;;
;;;;;
;;;;;
;;;;;
;;;;;
;;;;;
;;;;;
;;;;;
;;;;;
602835.153124682;6765544.5697674;2;570;G13_LT020;G13_LT020
;;;;;
603433.251337883;6763635.38638015;3;0;G13_UT001;G13_UT001
;;;;;
;;;;;
;;;;;
;;;;;
;;;;;
;;;;;
;;;;;
;;;;;
603634.007739286;6763815.93240557;3;270;G13_UT010;G13_UT010
;;;;;
;;;;;
;;;;;
;;;;;
;;;;;
;;;;;
;;;;;
;;;;;
;;;;;
603857.070407511;6764016.53910049;3;570;G13_UT020;G13_UT020
;;;;;
;;;;;
;;;;;
;;;;;
;;;;;
;;;;;
;;;;;
;;;;;
;;;;;
604080.133075736;6764217.1457954;3;870;G13_UT030;G13_UT030
;;;;;
;;;;;
;;;;;
;;;;;
;;;;;
;;;;;
;;;;;
;;;;;
;;;;;
597128.46468724;6739440.87463841;4;0;G04_LT001;G04_LT001
;;;;;
;;;;;
;;;;;
;;;;;
;;;;;
;;;;;
;;;;;
;;;;;
597199.292323261;6739701.41915663;4;270;G04_LT010;G04_LT010
;;;;;
;;;;;
;;;;;
;;;;;
;;;;;
;;;;;
;;;;;
;;;;;
;;;;;
597277.989696618;6739990.91306577;4;570;G04_LT020;G04_LT020
;;;;;
595678.563547119;6740063.07630877;5;0;G04_UT001;G04_UT001
;;;;;
;;;;;
;;;;;
;;;;;
;;;;;
;;;;;
;;;;;
;;;;;
595828.920183288;6740287.33705425;5;270;G04_UT010;G04_UT010
;;;;;
;;;;;
;;;;;
;;;;;
;;;;;
;;;;;
;;;;;
;;;;;
;;;;;
595995.983112365;6740536.51566033;5;570;G04_UT020;G04_UT020
